model_index,model_name,epoch,lr,dropout,fc1,fc2,train_loss,val_loss,train_acc,val_acc,val_f1
0,CNN3,1,0.01,0.2,128,64,2.1277670003276903,2.1244568941336355,0.23741007194244604,0.2494270435446906,0.1551628063009027
0,CNN3,2,0.01,0.2,128,64,2.055621470440851,2.0344904407096145,0.26039345514738654,0.2685255920550038,0.21194156238818843
0,CNN3,3,0.01,0.2,128,64,2.021704782092944,1.9383334618110162,0.27108932323168017,0.30958747135217723,0.22796687682663552
0,CNN3,4,0.01,0.2,128,64,1.9720879237914575,1.919364647978221,0.2933723817406252,0.30710466004583653,0.23430104987207936
0,CNN3,5,0.01,0.2,128,64,1.9371859852829145,1.8620961542981922,0.30788820271216655,0.3462566844919786,0.2974289223136488
0,CNN3,6,0.01,0.2,128,64,1.9023414938577516,1.83611750438798,0.3282612847774877,0.35408708938120703,0.2814548216828126
0,CNN3,7,0.01,0.2,128,64,1.8558249251652912,1.7717986757105046,0.34220411281594193,0.38235294117647056,0.3041556935243754
0,CNN3,8,0.01,0.2,128,64,1.8091893311163756,1.7379059394504206,0.3574839243649328,0.38789152024446144,0.3302481960892216
0,CNN3,9,0.01,0.2,128,64,1.7514201105153255,1.5991642424129546,0.3753103711720889,0.43659281894576013,0.3837476986380381
0,CNN3,10,0.01,0.2,128,64,1.7003289715613963,1.6430132736952092,0.3903991850767174,0.42188693659281895,0.3440729273826697
1,CNN5,1,0.01,0.2,128,64,2.1701063004761654,2.118263715910857,0.21455402050041383,0.23834988540870894,0.1352657705731977
1,CNN5,2,0.01,0.2,128,64,2.1360686526168284,2.1043466019029378,0.23976570955624882,0.24866310160427807,0.15862593900646038
1,CNN5,3,0.01,0.2,128,64,2.073238679041662,2.0826606276929605,0.26217609982810214,0.2660427807486631,0.17372771995582326
1,CNN5,4,0.01,0.2,128,64,2.0006313797032163,1.9203156763765992,0.29299038645190045,0.3141711229946524,0.20819716432588453
1,CNN5,5,0.01,0.2,128,64,1.91154810080228,1.7999120968001958,0.3120901508881391,0.36440030557677616,0.30765328493569555
1,CNN5,6,0.01,0.2,128,64,1.8217590816791913,1.889973763385012,0.3509263385751576,0.3374713521772345,0.2802982589813521
1,CNN5,7,0.01,0.2,128,64,1.763650063783198,1.8293651525440608,0.37639269115680907,0.3519862490450726,0.29764773137154693
1,CNN5,8,0.01,0.2,128,64,1.6926973859987715,1.5977510253922278,0.39969440376902016,0.42589763177998474,0.36207168186574246
1,CNN5,9,0.01,0.2,128,64,1.6442178099571485,1.7400210202423283,0.41624753294709366,0.3804430863254393,0.3302310504573979
1,CNN5,10,0.01,0.2,128,64,1.5941291198835508,1.4726662639445982,0.43553829502769464,0.47536287242169595,0.40096944470756246
2,CNN3,1,0.01,0.2,128,128,2.1356454720250926,2.0870604994098496,0.23696441077226715,0.25439266615737205,0.16414024086597295
2,CNN3,2,0.01,0.2,128,128,2.069486487251027,2.0291437002608936,0.2535812058317947,0.26737967914438504,0.17176753066955916
2,CNN3,3,0.01,0.2,128,128,2.0273719870354268,1.948049526163601,0.2637040809830012,0.29430863254392664,0.2136454875297454
2,CNN3,4,0.01,0.2,128,128,1.9815396071163407,2.2037821994472586,0.28617813713630863,0.2635599694423224,0.21696464666471857
2,CNN3,5,0.01,0.2,128,128,1.9216260238964886,1.8387159387786667,0.31406379321321704,0.36917494270435447,0.3092136936854001
2,CNN3,6,0.01,0.2,128,128,1.8519936185779597,1.7485511377624559,0.3464697268733686,0.3907563025210084,0.31224876443657695
2,CNN3,7,0.01,0.2,128,128,1.7561072414332863,1.658413863254923,0.3772840134971669,0.413292589763178,0.3773832734282113
2,CNN3,8,0.01,0.2,128,128,1.6721888706140244,1.5730535770937903,0.40300502960463486,0.43334606569900685,0.35815827132999967
2,CNN3,9,0.01,0.2,128,128,1.6128445645220193,1.57308176776851,0.42821671866046984,0.4499618029029794,0.39265532478278736
2,CNN3,10,0.01,0.2,128,128,1.5721130277134943,1.4225518424789627,0.4387215891004011,0.4957983193277311,0.44871325576268734
3,CNN5,1,0.01,0.2,128,128,2.1820068192708164,2.1360523183442326,0.21379002992296428,0.22478991596638656,0.14326059911422584
3,CNN5,2,0.01,0.2,128,128,2.149706351868616,2.09397869751233,0.22626854268797353,0.23567608861726508,0.1531123581353898
3,CNN5,3,0.01,0.2,128,128,2.12436223558324,2.10100856712522,0.2381740625198956,0.2532467532467532,0.16191907055244434
3,CNN5,4,0.01,0.2,128,128,2.107124552991166,2.057486080868359,0.24625962946456995,0.26757066462948814,0.17214697243049273
3,CNN5,5,0.01,0.2,128,128,2.0741024021887724,2.0504691928647873,0.2652957280193544,0.28113063407181055,0.18642423355963295
3,CNN5,6,0.01,0.2,128,128,2.039783101568491,1.987883667803794,0.2816578595530655,0.29736440030557676,0.1903548534512978
3,CNN5,7,0.01,0.2,128,128,2.0074706941419915,1.967186605593373,0.29324504997771694,0.30710466004583653,0.2014417009315528
3,CNN5,8,0.01,0.2,128,128,1.9751503268409643,1.948044314103968,0.3011396192780289,0.31321619556913677,0.20060421317582056
3,CNN5,9,0.01,0.2,128,128,1.9441212297829253,1.8697252694298239,0.3057872286241803,0.3384262796027502,0.24168045071374428
3,CNN5,10,0.01,0.2,128,128,1.8852486642136976,1.75148970567151,0.33023492710256575,0.377196333078686,0.3018582207353984
4,CNN3,1,0.01,0.2,256,64,2.143743584884179,2.1452345813477285,0.2381740625198956,0.237012987012987,0.1316769721253631
4,CNN3,2,0.01,0.2,256,64,2.089793585422516,2.053920517630756,0.25491818934233146,0.25763941940412527,0.16715626825196384
4,CNN3,3,0.01,0.2,256,64,2.039101037045913,1.9426629761869987,0.26803336092188196,0.2967914438502674,0.21980012700107562
4,CNN3,4,0.01,0.2,256,64,1.9926727701661815,1.9017096611267743,0.2829311771821481,0.3407181054239878,0.27448953502265544
4,CNN3,5,0.01,0.2,256,64,1.9304787652257398,1.7801439957913776,0.31266314382122623,0.3754774637127578,0.3077952409913184
4,CNN3,6,0.01,0.2,256,64,1.8371211468334785,1.7075495519557922,0.3487616986057172,0.3980137509549274,0.3474628531427098
4,CNN3,7,0.01,0.2,256,64,1.7572149207638004,1.6394710913243595,0.37550136881645124,0.4197860962566845,0.38119254397776675
4,CNN3,8,0.01,0.2,256,64,1.6975773797193383,1.6150334511575488,0.39721143439230916,0.4253246753246753,0.3766852764454131
4,CNN3,9,0.01,0.2,256,64,1.6413629585761438,1.5331374146357304,0.4167568599987267,0.46409472880061114,0.39503193768620687
4,CNN3,10,0.01,0.2,256,64,1.6088766627971391,1.7039912895358547,0.43159101037753866,0.4182582123758594,0.35549442976125806
5,CNN5,1,0.01,0.2,256,64,2.1654486105338373,2.094932747943607,0.22276691920799643,0.25687547746371275,0.15625840815043732
5,CNN5,2,0.01,0.2,256,64,2.107825915651181,2.034195493795746,0.25339020818743235,0.28666921313980137,0.18528495014827548
5,CNN5,3,0.01,0.2,256,64,2.0561732345120096,2.0187574909150463,0.27726491373273066,0.28170359052711996,0.19092797767832242
5,CNN5,4,0.01,0.2,256,64,2.0256874537630374,2.074285183725146,0.2813395301457949,0.237012987012987,0.18754020644695496
5,CNN5,5,0.01,0.2,256,64,1.9779898786693555,1.8591982380318406,0.29942064047876743,0.3651642475171887,0.2735504518812649
5,CNN5,6,0.01,0.2,256,64,1.9143955114956852,1.883152264597946,0.3292799388807538,0.33689839572192515,0.25614797052403127
5,CNN5,7,0.01,0.2,256,64,1.8654246911849557,1.7994903436228007,0.34513274336283184,0.37490450725744845,0.2925665361261243
5,CNN5,8,0.01,0.2,256,64,1.819870997675889,1.7138701047125073,0.35996689374164387,0.40756302521008403,0.33206262104862877
5,CNN5,9,0.01,0.2,256,64,1.7689228056571102,1.684472596217331,0.3856242439676577,0.3995416348357525,0.3409512546722009
5,CNN5,10,0.01,0.2,256,64,1.707880420263442,1.5622774935387946,0.3970841026294009,0.4476699770817418,0.37465988169175307
6,CNN3,1,0.01,0.2,256,128,2.1389962557491935,2.078896803014419,0.22989749793085884,0.2582123758594347,0.17015037115834272
6,CNN3,2,0.01,0.2,256,128,2.073573689658994,2.1116026333035904,0.25962946456993696,0.23834988540870894,0.16237063840959082
6,CNN3,3,0.01,0.2,256,128,2.0431695183282623,2.0511159365007767,0.2663143821226205,0.25515660809778457,0.174449849735806
6,CNN3,4,0.01,0.2,256,128,1.9950524072579698,1.9105736644692417,0.27892022665053795,0.3057677616501146,0.21088402881670298
6,CNN3,5,0.01,0.2,256,128,1.9158409312049627,1.7776148077000908,0.31629209906411154,0.36287242169595113,0.29971216756831587
6,CNN3,6,0.01,0.2,256,128,1.8052459309495306,1.9065967371119534,0.3562742726173044,0.34358288770053474,0.2731555689474575
6,CNN3,7,0.01,0.2,256,128,1.7202677481602673,1.5698223705962016,0.39052651683962564,0.43983957219251335,0.36503600320258384
6,CNN3,8,0.01,0.2,256,128,1.65640098904261,1.4991336917950053,0.41179092124530464,0.4791825821237586,0.4256511846606137
6,CNN3,9,0.01,0.2,256,128,1.6066714573188825,1.5482250554949568,0.42777105749029093,0.4476699770817418,0.3728879469832732
6,CNN3,10,0.01,0.2,256,128,1.537714386355181,1.4792135086926548,0.4597949958617177,0.46409472880061114,0.43397414230752307
7,CNN5,1,0.01,0.2,256,128,2.1780816946386676,2.1148340740305853,0.21595466989240467,0.25019098548510316,0.15920238786621663
7,CNN5,2,0.01,0.2,256,128,2.112305349818525,2.053026572177208,0.24963392118163877,0.2725362872421696,0.17133607078118432
7,CNN5,3,0.01,0.2,256,128,2.0699093672428823,2.020294371408939,0.27312663143821225,0.2839954163483575,0.1917555087966219
7,CNN5,4,0.01,0.2,256,128,2.0096855345420184,1.9574517039873838,0.2893614312090151,0.3113063407181054,0.22036031956843144
7,CNN5,5,0.01,0.2,256,128,1.9339297828254158,1.9363648915126908,0.31603743553829505,0.33212375859434684,0.23921075175087125
7,CNN5,6,0.01,0.2,256,128,1.867105156261036,1.8464624244261554,0.3401668046094098,0.3414820473644003,0.25388508776065444
7,CNN5,7,0.01,0.2,256,128,1.7656510703058377,2.1394041369578782,0.37371872413573565,0.3447288006111536,0.25858153076546314
7,CNN5,8,0.01,0.2,256,128,1.676393695113508,1.703323567159491,0.407525307187878,0.39056531703590525,0.3126904364097049
7,CNN5,9,0.01,0.2,256,128,1.6108321223471784,1.5350456873454421,0.4303813586299102,0.4514896867838044,0.38555844268488937
7,CNN5,10,0.01,0.2,256,128,1.5695229803892736,1.617943551997541,0.44222321258037817,0.4362108479755539,0.37924848194012384
8,CNN3,1,0.001,0.2,128,64,1.9741063851056992,2.6225603280675784,0.2949640287769784,0.24809014514896868,0.16719090505338363
8,CNN3,2,0.001,0.2,128,64,1.7326334620778927,1.791898273438147,0.37995798051824026,0.3758594346829641,0.3032817905929724
8,CNN3,3,0.001,0.2,128,64,1.6362567519279427,1.7394792993529504,0.41249124594130004,0.3955309396485867,0.31989834087493596
8,CNN3,4,0.001,0.2,128,64,1.5580134426468977,1.5117111849001659,0.44553383841599287,0.4715431627196333,0.4447055815200159
8,CNN3,5,0.001,0.2,128,64,1.5053475646959906,1.7152193112624703,0.4679442286878462,0.4337280366692131,0.36230408012557486
8,CNN3,6,0.001,0.2,128,64,1.4557355787127617,1.4263203505617321,0.48201438848920863,0.4877769289533995,0.44201133120478714
8,CNN3,7,0.001,0.2,128,64,1.4161658104671104,1.6157833286785186,0.49703953651238303,0.42188693659281895,0.4020782177441941
8,CNN3,8,0.001,0.2,128,64,1.3764148730631203,1.4654200149001375,0.5095817151588464,0.49618029029793737,0.4487169300952715
8,CNN3,9,0.001,0.2,128,64,1.3446610087067878,1.3598864420030388,0.5229515502642134,0.5118411000763942,0.49430037827538825
8,CNN3,10,0.001,0.2,128,64,1.2995818912425108,1.2632499112711324,0.5363213853695804,0.5595874713521772,0.5507573249525843
9,CNN5,1,0.001,0.2,128,64,1.9325998850157784,1.771612987798803,0.30413191570637294,0.3632543926661574,0.29472655182879265
9,CNN5,2,0.001,0.2,128,64,1.663044833405329,1.4983426966313829,0.4032596931304514,0.4749809014514897,0.4463880981774362
9,CNN5,3,0.001,0.2,128,64,1.4875145633967335,1.417347428450792,0.469344878079837,0.5147058823529411,0.4931083256450853
9,CNN5,4,0.001,0.2,128,64,1.3837699083441908,1.58987901700736,0.5083083975297638,0.4322001527883881,0.4167275901926195
9,CNN5,5,0.001,0.2,128,64,1.311133272416983,1.273381032317171,0.5438976252626218,0.5590145148968678,0.5299187432110675
9,CNN5,6,0.001,0.2,128,64,1.2414541074728278,1.1901450534191087,0.5687909849111861,0.5826967150496563,0.5620495143814688
9,CNN5,7,0.001,0.2,128,64,1.1880541615235083,1.1459681372136175,0.5841981282230853,0.6092436974789915,0.5852765077726867
9,CNN5,8,0.001,0.2,128,64,1.1464187496220155,1.1227485962365764,0.5992232762462596,0.6004583651642476,0.5944906033099512
9,CNN5,9,0.001,0.2,128,64,1.1055210893633955,1.117993320145618,0.6186413700897689,0.6208938120702827,0.6142703240923137
9,CNN5,10,0.001,0.2,128,64,1.062592597278547,1.0981916545273422,0.6328388616540396,0.6270053475935828,0.6327007467111884
10,CNN3,1,0.001,0.2,128,128,1.9825608894326652,1.8819095218700703,0.2869421277137582,0.33517952635599696,0.29282793857898076
10,CNN3,2,0.001,0.2,128,128,1.7383841753248848,1.654559085440144,0.37849366524479533,0.4029793735676089,0.35041983907163665
10,CNN3,3,0.001,0.2,128,128,1.6265405472955008,1.690523502934152,0.4236327751957726,0.4037433155080214,0.3956770456883747
10,CNN3,4,0.001,0.2,128,128,1.5437853052863995,1.6647361454114922,0.44954478894760297,0.4087089381207028,0.39068618228514623
10,CNN3,5,0.001,0.2,128,128,1.4806013557057396,1.9370222774692125,0.46877188514674983,0.3947669977081742,0.33404613028181035
10,CNN3,6,0.001,0.2,128,128,1.4290965547338208,1.5518056410154921,0.4934742471509518,0.45263559969442324,0.4047147665474104
10,CNN3,7,0.001,0.2,128,128,1.3927254781251255,1.3999804053441363,0.5077354045966767,0.4988540870893812,0.481509526939091
10,CNN3,8,0.001,0.2,128,128,1.3395995133973673,1.3229614692940068,0.5265805055070988,0.5326585179526356,0.5087091807018578
10,CNN3,9,0.001,0.2,128,128,1.298610085244014,1.323007845168263,0.5382950276946584,0.543353705118411,0.5188166837352172
10,CNN3,10,0.001,0.2,128,128,1.285860934582037,1.2170895824366803,0.5450436111287961,0.5710466004583652,0.5582205221312528
11,CNN5,1,0.001,0.2,128,128,1.969570454713563,1.767926645424641,0.28617813713630863,0.35733384262796025,0.299336286033998
11,CNN5,2,0.001,0.2,128,128,1.6944805499271318,2.4220281446863443,0.38988985802508436,0.3200916730328495,0.2515915933096809
11,CNN5,3,0.001,0.2,128,128,1.56307705113394,1.5229709122907669,0.4438785254981855,0.4675324675324675,0.40806458838764226
11,CNN5,4,0.001,0.2,128,128,1.4384307116640056,1.351437014236625,0.4887629719233463,0.5385790679908327,0.5254845847433829
11,CNN5,5,0.001,0.2,128,128,1.3448312290986673,1.6810674639127017,0.5240338702489336,0.38311688311688313,0.3837574127864206
11,CNN5,6,0.001,0.2,128,128,1.260028157803713,1.2359870328895912,0.5552301521614567,0.5674178762414056,0.5464933894504912
11,CNN5,7,0.001,0.2,128,128,1.2072229495196976,1.8590081493940127,0.5792321894696633,0.38330786860198623,0.38170083579136954
11,CNN5,8,0.001,0.2,128,128,1.146223891173783,1.1579205269482047,0.604889539695677,0.6138273491214667,0.6062398571683363
11,CNN5,9,0.001,0.2,128,128,1.0932846884758747,1.0634170806617387,0.6278092570191635,0.6270053475935828,0.6118904233880628
11,CNN5,10,0.001,0.2,128,128,1.0477439346316209,1.6160930108259068,0.6397147768510855,0.49980901451489684,0.4729043443105757
12,CNN3,1,0.001,0.2,256,64,1.9868641426373979,1.7948102013950042,0.2905710829566435,0.3605805958747135,0.2963728272264148
12,CNN3,2,0.001,0.2,256,64,1.7424881394833711,1.652607756775695,0.37747501114152926,0.41367456073338427,0.395380486454845
12,CNN3,3,0.001,0.2,256,64,1.6256120405441832,1.6364245317290083,0.41911249761252944,0.4216959511077158,0.3575030436438251
12,CNN3,4,0.001,0.2,256,64,1.5498583261475054,1.5359667937567982,0.4467434901636213,0.4555003819709702,0.40588399509121104
12,CNN3,5,0.001,0.2,256,64,1.49010912632968,1.4895258647417458,0.4669255745845801,0.4642857142857143,0.4363387759511743
12,CNN3,6,0.001,0.2,256,64,1.423719068612407,1.4388852713215523,0.4917552683516903,0.48090145148968677,0.4308981980496704
12,CNN3,7,0.001,0.2,256,64,1.3843413812696588,1.4828712282698058,0.5061437575603234,0.4957983193277311,0.48214388908129424
12,CNN3,8,0.001,0.2,256,64,1.3591975107937986,1.8064629769307043,0.5197045903100529,0.4119556913674561,0.3633798040333532
12,CNN3,9,0.001,0.2,256,64,1.3175139941453948,1.2109368769971354,0.5346660724517731,0.5792589763177999,0.5581675484934641
12,CNN3,10,0.001,0.2,256,64,1.2842179332356591,1.5495666861989463,0.5433246323295347,0.4585561497326203,0.47987813196986473
13,CNN5,1,0.001,0.2,256,64,1.9785387139655226,1.9497700822180333,0.28815177946138665,0.2874331550802139,0.24981226865276002
13,CNN5,2,0.001,0.2,256,64,1.7403398490752027,1.8350881468348141,0.37900299229642836,0.32792207792207795,0.2868983461401173
13,CNN5,3,0.001,0.2,256,64,1.5706490822339898,1.5141135575299594,0.44075889730693324,0.4505347593582888,0.40501609156195284
13,CNN5,4,0.001,0.2,256,64,1.4579525806511155,1.4441347524717256,0.48608900490227286,0.49541634835752485,0.46594842402159825
13,CNN5,5,0.001,0.2,256,64,1.3571040830022019,1.3147315221310025,0.5212325714649519,0.5372421695951107,0.525819720253525
13,CNN5,6,0.001,0.2,256,64,1.2756673984754667,2.0461262663964375,0.5512192016298466,0.3544690603514133,0.34739947069636756
13,CNN5,7,0.001,0.2,256,64,1.2087057026154961,1.2053771401471634,0.5787228624180302,0.5786860198624905,0.5752819957133465
13,CNN5,8,0.001,0.2,256,64,1.172893590965679,1.250822202452637,0.5900553893168651,0.5727654698242933,0.5564402644682517
13,CNN5,9,0.001,0.2,256,64,1.1299983735769719,1.5104189230523282,0.6066085184949386,0.4851031321619557,0.44992886576056407
13,CNN5,10,0.001,0.2,256,64,1.074336631791235,1.3356620250902984,0.6254536194053607,0.5515660809778457,0.544334645355255
14,CNN3,1,0.001,0.2,256,128,1.9462014067413593,1.8687882385151908,0.3024766027885656,0.34014514896867837,0.3024108906546643
14,CNN3,2,0.001,0.2,256,128,1.7381604472206666,1.698312790545004,0.38218628636913476,0.41940412528647825,0.37075283951483123
14,CNN3,3,0.001,0.2,256,128,1.6200680742365798,1.5353282782027884,0.4194308270198001,0.4650496562261268,0.4259564942557058
14,CNN3,4,0.001,0.2,256,128,1.5424056757700892,1.9221610171454293,0.4493537913032406,0.3187547746371276,0.3291360016615953
14,CNN3,5,0.001,0.2,256,128,1.4711854997700948,1.6675175693401223,0.47628445915833706,0.4090909090909091,0.360190364843663
14,CNN3,6,0.001,0.2,256,128,1.4108373865237582,1.6821455457358072,0.5032151270134335,0.4215049656226127,0.41045115399171994
14,CNN3,7,0.001,0.2,256,128,1.3634138781708507,1.3853389383546262,0.5153753103711721,0.5154698242933538,0.49629687730513367
14,CNN3,8,0.001,0.2,256,128,1.326646438567546,1.3384189556535644,0.5297637995798051,0.5248281130634072,0.4930912270009554
14,CNN3,9,0.001,0.2,256,128,1.2887632194888685,1.3387725086408868,0.5475265805055071,0.5267379679144385,0.5126094464086884
14,CNN3,10,0.001,0.2,256,128,1.2692052451143625,1.475048974236065,0.5568217991978099,0.4944614209320092,0.5060206973331687
15,CNN5,1,0.001,0.2,256,128,1.9531737391737862,1.7412201494001267,0.2996116381231298,0.38292589763178,0.3284214182138276
15,CNN5,2,0.001,0.2,256,128,1.6472446189054506,2.1683694228951125,0.4156108741325524,0.2822765469824293,0.2927412737847636
15,CNN5,3,0.001,0.2,256,128,1.4944459691329697,1.53883173212557,0.4701725345387407,0.4377387318563789,0.4206807811247565
15,CNN5,4,0.001,0.2,256,128,1.376780394799858,1.4111473612242569,0.5109186986693831,0.5045836516424752,0.4685759279245484
15,CNN5,5,0.001,0.2,256,128,1.2956374659228311,1.2678245071967746,0.5424333099891768,0.543353705118411,0.5355489773080793
15,CNN5,6,0.001,0.2,256,128,1.2332210741667256,1.2983453870274986,0.5698096390144521,0.5374331550802139,0.5117870346980767
15,CNN5,7,0.001,0.2,256,128,1.1762048831119296,1.3129257877151688,0.5896097281466862,0.5574866310160428,0.5627841202160595
15,CNN5,8,0.001,0.2,256,128,1.1212408721784726,1.9240897755480797,0.6092824855160119,0.4425133689839572,0.3736177145833289
15,CNN5,9,0.001,0.2,256,128,1.0566310849895284,1.7355054464842912,0.633539186350035,0.4425133689839572,0.43582804580186174
15,CNN5,10,0.001,0.2,256,128,1.0202530939422514,1.1814587243738022,0.6502196472910168,0.5932009167303285,0.5751052548639104
16,CNN3,1,0.0001,0.2,128,64,2.121668964003958,1.9849303916176373,0.24008403896351946,0.28819709702062646,0.21419459080395667
16,CNN3,2,0.0001,0.2,128,64,1.9362050568252211,1.849131657933351,0.31380912968740055,0.36191749427043546,0.3088754899186297
16,CNN3,3,0.0001,0.2,128,64,1.8221828619907243,1.807723937005465,0.3506080091678869,0.346829640947288,0.2823071223311994
16,CNN3,4,0.0001,0.2,128,64,1.7391944220666102,1.6385043002522748,0.3795759852295155,0.4253246753246753,0.3627148539508214
16,CNN3,5,0.0001,0.2,128,64,1.6791608123129023,1.6398351533983024,0.40154071433118993,0.41711229946524064,0.3571198473033781
16,CNN3,6,0.0001,0.2,128,64,1.6409916599361356,1.6130719288694122,0.41338256828165787,0.4140565317035905,0.3455394521392902
16,CNN3,7,0.0001,0.2,128,64,1.6076509257265164,1.6048047949650344,0.4205768128859744,0.4320091673032849,0.3880267955034534
16,CNN3,8,0.0001,0.2,128,64,1.5662032955432217,1.4940707062472816,0.43751193735277266,0.46390374331550804,0.40993253619885794
16,CNN3,9,0.0001,0.2,128,64,1.5436840287412747,1.5308639674445343,0.44922645954033236,0.4417494270435447,0.38148157962586127
16,CNN3,10,0.0001,0.2,128,64,1.523987704878618,1.5686116214924135,0.45654803590755716,0.440794499618029,0.3689325379229483
17,CNN5,1,0.0001,0.2,128,64,1.9576505817856682,1.7053679953648717,0.31782008021901065,0.410427807486631,0.34858443445660586
17,CNN5,2,0.0001,0.2,128,64,1.6519666190225422,1.5364326527320855,0.4210224740561533,0.4547364400305577,0.3993589948524909
17,CNN5,3,0.0001,0.2,128,64,1.4829626578213628,1.4146441855987946,0.47558413446234166,0.5206264323911383,0.4987113996038599
17,CNN5,4,0.0001,0.2,128,64,1.3890362620209498,1.4836310540746422,0.5148023174380849,0.4864400305576776,0.4204142636758421
17,CNN5,5,0.0001,0.2,128,64,1.312648373337154,1.3470335021284903,0.5392500159164704,0.5194805194805194,0.48917054417062467
17,CNN5,6,0.0001,0.2,128,64,1.2420121320087691,1.2464152999831302,0.5676449990450118,0.5597784568372803,0.5423019723424775
17,CNN5,7,0.0001,0.2,128,64,1.1918932882766642,1.1213763876668,0.5909467116572229,0.6166921313980137,0.5977426867385712
17,CNN5,8,0.0001,0.2,128,64,1.1439786655120985,1.2689219459128616,0.6036798879480486,0.5647440794499619,0.556153877666409
17,CNN5,9,0.0001,0.2,128,64,1.0952954867510456,1.51043995270026,0.6230343159101038,0.4856760886172651,0.4904549780734016
17,CNN5,10,0.0001,0.2,128,64,1.0540969310092494,1.1077737163003845,0.6349398357420258,0.6107715813598167,0.6007952380913962
18,CNN3,1,0.0001,0.2,128,128,2.1231568077014784,1.982544877676676,0.23390844846246897,0.3158899923605806,0.23340987059370488
18,CNN3,2,0.0001,0.2,128,128,1.9162393379023204,1.8897346514067275,0.32323168014261155,0.3407181054239878,0.26098178877221995
18,CNN3,3,0.0001,0.2,128,128,1.780088602407449,1.6731814880057816,0.3719997453364742,0.4150114591291062,0.3546217922020028
18,CNN3,4,0.0001,0.2,128,128,1.687819067560724,1.6024498882140705,0.39982173553192846,0.4320091673032849,0.3641271387825543
18,CNN3,5,0.0001,0.2,128,128,1.627383932603144,1.6191463658971765,0.4187941682052588,0.41233766233766234,0.3392765062721641
18,CNN3,6,0.0001,0.2,128,128,1.586400076237491,1.5399075497917951,0.4354746291462405,0.4495798319327731,0.4071183009171832
18,CNN3,7,0.0001,0.2,128,128,1.556000570750915,1.5119992215001374,0.4383395938116763,0.4675324675324675,0.4306185716844177
18,CNN3,8,0.0001,0.2,128,128,1.517979576979754,1.5051535013707382,0.45743935824791493,0.466768525592055,0.43172652759711977
18,CNN3,9,0.0001,0.2,128,128,1.4954993754118717,1.5959715984357596,0.4664799134144012,0.4281894576012223,0.3810087838737566
18,CNN3,10,0.0001,0.2,128,128,1.474688713992432,1.4705399806668868,0.47660278856560767,0.4852941176470588,0.45651047744104856
19,CNN5,1,0.0001,0.2,128,128,1.9238154871683721,1.6915430859630576,0.31743808493028586,0.4155844155844156,0.3416231265642467
19,CNN5,2,0.0001,0.2,128,128,1.5915218324840976,1.470897787577146,0.43521996562042403,0.48663101604278075,0.4365346805424155
19,CNN5,3,0.0001,0.2,128,128,1.4495024303662267,1.4443371226716533,0.48710765900553893,0.4935064935064935,0.4414052793667814
19,CNN5,4,0.0001,0.2,128,128,1.349397815252129,1.2947203734159651,0.5221875596867639,0.5595874713521772,0.5319604160650625
19,CNN5,5,0.0001,0.2,128,128,1.2652407839895243,1.1634829607148311,0.5605780862036035,0.5958747135217723,0.5772747015709789
19,CNN5,6,0.0001,0.2,128,128,1.1998286446631277,1.2434247378814849,0.5767492200929522,0.5716195569136746,0.5681023103064998
19,CNN5,7,0.0001,0.2,128,128,1.1440614691862607,1.6209482633038457,0.5992869421277137,0.42035905271199386,0.45853162923263335
19,CNN5,8,0.0001,0.2,128,128,1.0999748082727738,1.0663536751060836,0.6206150124148468,0.6331168831168831,0.6278959682725046
19,CNN5,9,0.0001,0.2,128,128,1.0553393250716334,1.3046060586540276,0.6348125039791176,0.5586325439266616,0.538384327108976
19,CNN5,10,0.0001,0.2,128,128,1.0071890594669792,1.160826793101291,0.655312917807347,0.6056149732620321,0.5911150257511061
20,CNN3,1,0.0001,0.2,256,64,2.10792221145353,1.9384213672329034,0.23670974724645064,0.30213903743315507,0.2374359860445904
20,CNN3,2,0.0001,0.2,256,64,1.8900498112161648,1.800265901046823,0.32730629655567584,0.3806340718105424,0.33302739597440145
20,CNN3,3,0.0001,0.2,256,64,1.7734525922360695,1.7109683075417446,0.3719997453364742,0.39935064935064934,0.3555835325792492
20,CNN3,4,0.0001,0.2,256,64,1.6945039558176886,1.6224262422965263,0.396638441459222,0.43239113827349124,0.37424527537860736
20,CNN3,5,0.0001,0.2,256,64,1.635566798075839,1.552306821275249,0.41917616349398357,0.46333078686019863,0.4026740556117092
20,CNN3,6,0.0001,0.2,256,64,1.5938890638255507,1.5299665860495921,0.4267524033870249,0.45741023682200155,0.4210265265798105
20,CNN3,7,0.0001,0.2,256,64,1.5624259081744158,1.468933921173568,0.44292353727637357,0.48414820473644005,0.43932269762324117
20,CNN3,8,0.0001,0.2,256,64,1.5200187826457163,1.5396774708541683,0.45572037944865346,0.45588235294117646,0.39807510706259974
20,CNN3,9,0.0001,0.2,256,64,1.505157462164865,1.4346051154198585,0.46291462405297,0.5007639419404125,0.4694876531298032
20,CNN3,10,0.0001,0.2,256,64,1.4710479125702123,1.4831792086112399,0.4760297956325205,0.4650496562261268,0.4314318446548384
21,CNN5,1,0.0001,0.2,256,64,1.8961815106509758,1.5763308278834938,0.3332908894123639,0.4457601222307105,0.3825133979352341
21,CNN5,2,0.0001,0.2,256,64,1.5739695376712937,1.5553614096936603,0.44145922200292864,0.43678380443086323,0.38596325983087404
21,CNN5,3,0.0001,0.2,256,64,1.4273718003974103,1.2904848314770494,0.495065894187305,0.5571046600458365,0.5359768853395228
21,CNN5,4,0.0001,0.2,256,64,1.3431722984631511,1.3430910256183994,0.5254981855223786,0.5444996180290298,0.5272994253098461
21,CNN5,5,0.0001,0.2,256,64,1.2481296195894027,1.286908344424709,0.5667536767046539,0.5527119938884645,0.5361548313993941
21,CNN5,6,0.0001,0.2,256,64,1.1941469103039097,1.1949871420587084,0.5828611447125486,0.5834606569900688,0.5757051012803492
21,CNN5,7,0.0001,0.2,256,64,1.120859872496408,1.0598015487421735,0.6129114407588973,0.6403743315508021,0.6346503292386595
21,CNN5,8,0.0001,0.2,256,64,1.0791850298663983,1.2363966640577324,0.6265359393900809,0.5687547746371275,0.5679517251114271
21,CNN5,9,0.0001,0.2,256,64,1.0452497875226738,1.163580454242785,0.6418157509390717,0.6056149732620321,0.5916519904507812
21,CNN5,10,0.0001,0.2,256,64,1.0045854380852233,1.0819128747201312,0.652829948430636,0.6292971734148205,0.6246364158260785
22,CNN3,1,0.0001,0.2,256,128,2.0694802194243667,1.9299805965744148,0.2567644999045012,0.32964094728800614,0.2659443390415569
22,CNN3,2,0.0001,0.2,256,128,1.8578994725870284,1.7707674798389899,0.3369835105367034,0.3687929717341482,0.30754508431726135
22,CNN3,3,0.0001,0.2,256,128,1.742029110744938,1.7052461539997774,0.38326860635385496,0.387318563789152,0.32397690749466396
22,CNN3,4,0.0001,0.2,256,128,1.6609768176614619,1.584034546902382,0.41153625771948815,0.440794499618029,0.3786900229887442
22,CNN3,5,0.0001,0.2,256,128,1.6050842803918162,1.538492408028261,0.42828038454192396,0.45989304812834225,0.41143942343750034
22,CNN3,6,0.0001,0.2,256,128,1.5513486843815871,1.5279413496291392,0.4482078054370663,0.4608479755538579,0.4087760459180579
22,CNN3,7,0.0001,0.2,256,128,1.522920532063235,1.5789162986054504,0.45743935824791493,0.443659281894576,0.41734803602818465
22,CNN3,8,0.0001,0.2,256,128,1.4893962617529761,1.4348979287697579,0.46985420513147,0.4780366692131398,0.4499815929449129
22,CNN3,9,0.0001,0.2,256,128,1.453261908404413,1.4560812765446394,0.48277837906665816,0.4881588999236058,0.4513217518175312
22,CNN3,10,0.0001,0.2,256,128,1.4416940075713491,1.3923607744088693,0.4895906283822499,0.5082123758594347,0.4760507277186645
23,CNN5,1,0.0001,0.2,256,128,1.900865790518675,1.593750811151369,0.3319539059018272,0.44289533995416347,0.3734974164951367
23,CNN5,2,0.0001,0.2,256,128,1.5567396375173188,1.4238549902568436,0.4506907748137773,0.5089763177998472,0.4674338423932567
23,CNN5,3,0.0001,0.2,256,128,1.4152848693911166,1.398189928442399,0.4993951741261858,0.49789915966386555,0.4488109383842224
23,CNN5,4,0.0001,0.2,256,128,1.3018181541522045,1.2488566595147457,0.5439612911440759,0.5624522536287242,0.544597431929996
23,CNN5,5,0.0001,0.2,256,128,1.2278285375214886,1.4027075928709178,0.5681543260966448,0.5194805194805194,0.45587041269672207
23,CNN5,6,0.0001,0.2,256,128,1.1573628870619848,1.2697859003491034,0.5980772903800853,0.5651260504201681,0.5704285069888546
23,CNN5,7,0.0001,0.2,256,128,1.0986980139932179,1.1184702660857129,0.6197873559559433,0.606951871657754,0.5951851631760351
23,CNN5,8,0.0001,0.2,256,128,1.0601588122339383,1.0112023033013864,0.6323932004838607,0.6524064171122995,0.6441566142792229
23,CNN5,9,0.0001,0.2,256,128,1.0160992823476178,1.2115969018593737,0.6444260520786911,0.5784950343773874,0.5839149257874785
23,CNN5,10,0.0001,0.2,256,128,0.9693561046205623,1.1705016680033358,0.6654994588400076,0.6157372039724981,0.6036161495158783
